{"accuracy_score": 0.8166666666666667, "f1_score": 0.8253968253968255, "r2_score": 0.2633928571428573, "mae": 0.18333333333333332, "rmse": 0.4281744192888376}