{"accuracy_score": 0.75, "f1_score": 0.7692307692307693, "r2_score": -0.004464285714285365, "mae": 0.25, "rmse": 0.5}