{"accuracy_score": 0.8833333333333333, "f1_score": 0.8813559322033899, "r2_score": 0.5312500000000001, "mae": 0.11666666666666667, "rmse": 0.3415650255319866}