{"accuracy_score": 0.7833333333333333, "f1_score": 0.7636363636363638, "r2_score": 0.12946428571428592, "mae": 0.21666666666666667, "rmse": 0.4654746681256314}