{"accuracy_score": 0.8333333333333334, "f1_score": 0.8148148148148148, "r2_score": 0.330357142857143, "mae": 0.16666666666666666, "rmse": 0.408248290463863}