{"accuracy_score": 0.8666666666666667, "f1_score": 0.8571428571428571, "r2_score": 0.4642857142857144, "mae": 0.13333333333333333, "rmse": 0.3651483716701107}