{"accuracy_score": 0.85, "f1_score": 0.8524590163934426, "r2_score": 0.3973214285714287, "mae": 0.15, "rmse": 0.3872983346207417}