{"accuracy_score": 0.8, "f1_score": 0.8125000000000001, "r2_score": 0.19642857142857162, "mae": 0.2, "rmse": 0.4472135954999579}